0,Mutation,WT_energy,MUT_energy,DDG
1,YA87S,-10.8109,-9.44876,-1.3621400000000001
2,YA87R,-10.7335,-9.60886,-1.1246399999999994
3,YA87C,-10.8109,-9.81179,-0.9991099999999999
4,YA87A,-10.8109,-9.54313,-1.2677700000000005
5,YA87Q,-10.7938,-9.93956,-0.854239999999999
6,YA87P,-10.7938,-9.678410000000001,-1.1153899999999979
7,YA87W,-9.64508,-8.79978,-0.8452999999999999
8,YA87T,-9.8954,-9.05065,-0.8447500000000012
9,YA87M,-10.7854,-10.8097,0.02430000000000021
10,YA87E,-10.7938,-9.68864,-1.1051599999999997
11,YA87I,-10.8109,-10.171,-0.6399000000000008
12,YA87K,-9.62342,-8.97102,-0.6524000000000001
13,YA87H,-9.58428,-8.92393,-0.6603499999999993
14,YA87N,-10.7938,-9.69806,-1.0957399999999993
15,YA87V,-10.8109,-10.1526,-0.6583000000000006
16,YA87G,-10.8109,-9.10617,-1.7047299999999996
17,YA87D,-10.7938,-9.05574,-1.738059999999999
18,YA87L,-9.8954,-9.8836,-0.01180000000000092
19,YA87F,-9.64508,-9.83177,0.18669000000000047
20,KA103L,-9.58873,-9.6046,0.015869999999999607
21,KA103Q,-9.58873,-9.592789999999999,0.004059999999999064
22,KA103M,-9.58873,-9.59292,0.004189999999999472
23,KA103C,-9.58873,-9.593160000000001,0.004430000000001044
24,KA103E,-9.58873,-9.85522,0.2664899999999992
25,KA103P,-9.58873,-9.6069,0.018169999999999575
26,KA103Y,-9.58873,-9.70769,0.11895999999999951
27,KA103I,-9.58873,-9.6187,0.029970000000000496
28,KA103W,-9.58873,-9.62557,0.03683999999999976
29,KA103D,-9.58873,-9.63681,0.04808000000000057
30,KA103R,-9.58873,-9.58274,-0.005990000000000606
31,KA103F,-9.58873,-9.596789999999999,0.008059999999998624
32,KA103A,-9.58873,-9.59355,0.0048200000000004906
33,KA103V,-9.58873,-9.6187,0.029970000000000496
34,KA103S,-9.58873,-9.61428,0.02555000000000085
35,KA103T,-9.58873,-9.61375,0.025019999999999598
36,KA103N,-9.58873,-9.593169999999999,0.004439999999998889
37,KA103G,-9.58873,-9.33612,-0.25261000000000067
38,KA103H,-9.58873,-9.63283,0.04410000000000025
39,FA102G,-9.61151,-8.86664,-0.7448700000000006
40,FA102Y,-9.61151,-9.25029,-0.3612200000000012
41,FA102R,-9.607289999999999,-8.144160000000001,-1.4631299999999978
42,FA102K,-9.61151,-8.90726,-0.70425
43,FA102L,-9.61151,-8.868219999999999,-0.7432900000000018
44,FA102T,-9.61151,-8.89068,-0.7208300000000012
45,FA102H,-9.61151,-9.24672,-0.36479000000000106
46,FA102P,-9.61151,-8.8811,-0.7304100000000009
47,FA102W,-9.459,-8.19247,-1.2665299999999995
48,FA102N,-9.61151,-8.9498,-0.6617100000000011
49,FA102D,-9.61151,-8.885539999999999,-0.725970000000002
50,FA102I,-9.60718,-9.12531,-0.4818699999999989
51,FA102A,-9.61151,-8.86668,-0.7448300000000003
52,FA102C,-9.61151,-8.9248,-0.6867100000000015
53,FA102S,-9.61151,-8.86668,-0.7448300000000003
54,FA102Q,-9.61151,-8.87449,-0.7370200000000011
55,FA102M,-9.61151,-9.63371,0.022199999999999775
56,FA102E,-9.61151,-8.798589999999999,-0.8129200000000019
57,FA102V,-9.61151,-8.89776,-0.713750000000001
58,KA101C,-9.58873,-9.59963,0.010899999999999466
59,KA101M,-9.58873,-9.58713,-0.0015999999999998238
60,KA101A,-9.58873,-9.58065,-0.008079999999999643
61,KA101N,-9.58873,-9.71735,0.12861999999999973
62,KA101S,-9.58873,-9.58574,-0.0029900000000004923
63,KA101P,-9.58873,-9.60067,0.011939999999999173
64,KA101G,-9.58873,-9.544260000000001,-0.04446999999999868
65,KA101H,-9.58873,-9.590010000000001,0.0012800000000012801
66,KA101L,-9.58873,-9.60239,0.013659999999999783
67,KA101V,-9.58873,-9.66432,0.07559000000000005
68,KA101D,-9.58873,-9.60524,0.016510000000000247
69,KA101E,-9.58873,-9.59803,0.009299999999999642
70,KA101Y,-9.58873,-9.5919,0.0031700000000007833
71,KA101W,-9.58873,-9.59267,0.003940000000000055
72,KA101R,-9.58873,-9.58698,-0.0017499999999994742
73,KA101I,-9.58873,-9.557960000000001,-0.030769999999998632
74,KA101F,-9.58873,-9.59596,0.007229999999999848
75,KA101Q,-9.58873,-9.72829,0.13955999999999946
76,KA101T,-9.58873,-9.57577,-0.012959999999999638
77,KA129L,-9.18196,-9.487260000000001,0.3053000000000008
78,KA129D,-9.18196,-8.399510000000001,-0.782449999999999
79,KA129S,-9.18196,-8.80693,-0.37503000000000064
80,KA129A,-9.18196,-8.8001,-0.38185999999999964
81,KA129Q,-9.18196,-9.04123,-0.14072999999999958
82,KA129I,-9.18196,-9.30923,0.12726999999999933
83,KA129P,-9.18196,-8.8133,-0.3686600000000002
84,KA129G,-9.18196,-8.80601,-0.37594999999999956
85,KA129T,-9.18196,-8.83652,-0.34543999999999997
86,KA129H,-9.18196,-9.3913,0.2093399999999992
87,KA129N,-9.18196,-9.3863,0.2043400000000002
88,KA129F,-9.18196,-9.07743,-0.10453000000000046
89,KA129Y,-9.18196,-9.14449,-0.03747000000000078
90,KA129C,-9.18196,-8.83573,-0.34623000000000026
91,KA129M,-9.18196,-9.269210000000001,0.08725000000000094
92,KA129V,-9.18196,-9.301839999999999,0.11987999999999843
93,KA129R,-9.18196,-9.237789999999999,0.05582999999999849
94,KA129E,-9.18196,-8.73208,-0.4498800000000003
95,KA129W,-9.18196,-9.03474,-0.1472200000000008
96,SA85L,-9.60475,-9.3193,-0.2854499999999991
97,SA85V,-9.60475,-9.0472,-0.5575499999999991
98,SA85A,-9.60459,-9.27398,-0.33061000000000007
99,SA85M,-9.60475,-9.40752,-0.19722999999999935
100,SA85C,-9.60475,-9.5792,-0.025549999999999073
101,SA85N,-9.60475,-9.31548,-0.28926999999999836
102,SA85Q,-9.6379,-9.419360000000001,-0.21853999999999907
103,SA85P,-9.60459,-9.39703,-0.20755999999999908
104,SA85R,-9.637939999999999,-6.73009,-2.907849999999999
105,SA85D,-10.7687,-10.3317,-0.43700000000000117
106,SA85W,-9.637939999999999,-9.30378,-0.3341599999999989
107,SA85Y,-9.60475,-9.35092,-0.2538299999999989
108,SA85E,-10.7687,-10.3616,-0.40710000000000157
109,SA85K,-9.60475,-9.65857,0.05381999999999998
110,SA85G,-9.60475,-9.31413,-0.29061999999999877
111,SA85T,-9.6379,-9.30575,-0.3321500000000004
112,SA85H,-9.6379,-9.34704,-0.29086000000000034
113,SA85I,-9.6379,-9.34109,-0.2968100000000007
114,SA85F,-9.60475,-9.4105,-0.19424999999999848
115,KA53C,-9.58873,-9.58114,-0.00759000000000043
116,KA53P,-9.58873,-9.58037,-0.008359999999999701
117,KA53G,-10.7542,-10.7544,0.00019999999999953388
118,KA53E,-10.7542,-10.7426,-0.011600000000001387
119,KA53L,-10.7542,-10.7573,0.0030999999999998806
120,KA53H,-9.58873,-9.57947,-0.00925999999999938
121,KA53F,-9.58873,-9.57948,-0.009249999999999758
122,KA53I,-9.58873,-9.5811,-0.007630000000000692
123,KA53R,-9.58873,-9.60323,0.014499999999999957
124,KA53Q,-10.7542,-10.7561,0.0018999999999991246
125,KA53S,-9.58873,-9.57947,-0.00925999999999938
126,KA53A,-9.58873,-9.57948,-0.009249999999999758
127,KA53N,-9.58873,-9.581539999999999,-0.007190000000001362
128,KA53Y,-9.58873,-9.57947,-0.00925999999999938
129,KA53D,-10.7542,-10.7452,-0.009000000000000341
130,KA53T,-9.58873,-9.58109,-0.007640000000000313
131,KA53M,-10.7542,-10.7682,0.013999999999999346
132,KA53W,-9.58873,-9.57947,-0.00925999999999938
133,KA53V,-9.58873,-9.58109,-0.007640000000000313
134,LA76S,-10.7542,-10.5357,-0.21850000000000058
135,LA76T,-9.89986,-9.79186,-0.10800000000000054
136,LA76E,-10.7542,-10.2248,-0.5294000000000008
137,LA76I,-9.58873,-9.626389999999999,0.03765999999999892
138,LA76P,-10.7542,-10.5609,-0.1933000000000007
139,LA76C,-9.58873,-9.45699,-0.13174000000000063
140,LA76V,-9.89986,-9.76088,-0.1389800000000001
141,LA76G,-10.7686,-10.5219,-0.2466999999999988
142,LA76Q,-9.58873,-9.31245,-0.27627999999999986
143,LA76D,-10.7542,-10.49,-0.26420000000000066
144,LA76W,-10.7542,-10.8517,0.09749999999999837
145,LA76H,-10.7542,-10.5197,-0.2345000000000006
146,LA76N,-10.7542,-10.5427,-0.2115000000000009
147,LA76A,-10.7542,-10.5395,-0.21470000000000056
148,LA76Y,-9.60459,-9.55574,-0.04884999999999984
149,LA76M,-9.58873,-9.81189,0.22316000000000003
150,LA76R,-10.7542,-11.2575,0.5032999999999994
151,LA76F,-10.7542,-10.5418,-0.2124000000000006
152,LA76K,-9.60459,-9.93995,0.33535999999999966
153,FA104L,-9.61079,-9.623280000000001,0.012490000000001444
154,FA104H,-9.61079,-9.63275,0.02195999999999998
155,FA104Y,-9.62101,-9.59334,-0.027670000000000528
156,FA104T,-9.61079,-9.64617,0.03537999999999997
157,FA104D,-9.61079,-9.61692,0.006130000000000635
158,FA104M,-9.61079,-9.62162,0.01083000000000034
159,FA104C,-9.61079,-9.61774,0.00694999999999979
160,FA104G,-9.61079,-9.61774,0.00694999999999979
161,FA104K,-9.61079,-9.60863,-0.0021599999999999397
162,FA104E,-9.61079,-9.647910000000001,0.037120000000001596
163,FA104R,-9.62101,-9.61838,-0.00262999999999991
164,FA104A,-9.61079,-9.61774,0.00694999999999979
165,FA104I,-9.59378,-9.647269999999999,0.05348999999999826
166,FA104P,-9.61079,-9.61743,0.006640000000000867
167,FA104S,-9.61079,-9.64617,0.03537999999999997
168,FA104V,-9.61079,-9.61763,0.006840000000000401
169,FA104N,-9.61079,-9.60874,-0.0020500000000005514
170,FA104W,-9.59211,-9.39441,-0.19769999999999932
171,FA104Q,-9.61079,-9.61774,0.00694999999999979
172,DA77E,-9.58873,-9.62546,0.03673000000000037
173,DA77M,-9.58873,-9.7139,0.12517000000000067
174,DA77Q,-9.58873,-9.685989999999999,0.09725999999999857
175,DA77T,-9.58873,-9.63598,0.047250000000000014
176,DA77K,-9.58873,-9.81403,0.22530000000000072
177,DA77C,-9.58873,-9.71007,0.12134
178,DA77F,-9.58873,-9.69935,0.11062000000000083
179,DA77Y,-9.58873,-9.63214,0.04340999999999973
180,DA77L,-9.58873,-9.71413,0.12540000000000084
181,DA77P,-9.58873,-9.74693,0.15820000000000078
182,DA77V,-9.58873,-9.71446,0.12573000000000079
183,DA77I,-9.58873,-9.71412,0.12538999999999945
184,DA77H,-9.58873,-9.684510000000001,0.09578000000000131
185,DA77W,-9.58873,-9.68518,0.09645000000000081
186,DA77R,-9.58873,-9.8785,0.28977000000000075
187,DA77N,-9.58873,-9.68768,0.09895000000000032
188,DA77S,-9.58873,-9.66737,0.07864000000000004
189,DA77A,-9.58873,-9.71485,0.12612000000000023
190,DA77G,-9.58873,-9.71521,0.12648000000000081
191,AA122G,-9.58873,-9.573780000000001,-0.014949999999998909
192,AA122C,-9.58873,-9.58263,-0.006099999999999994
193,AA122K,-9.58873,-9.58287,-0.005860000000000198
194,AA122R,-9.58873,-9.59281,0.0040800000000000836
195,AA122W,-9.58873,-9.58319,-0.005539999999999878
196,AA122N,-9.58873,-9.58956,0.0008300000000005525
197,AA122E,-9.58873,-9.596630000000001,0.007900000000001128
198,AA122Y,-9.58873,-9.58333,-0.005399999999999849
199,AA122L,-9.58873,-9.700289999999999,0.111559999999999
200,AA122D,-9.58873,-9.592030000000001,0.003300000000001191
201,AA122H,-9.58873,-9.58962,0.0008900000000000574
202,AA122P,-9.58873,-9.592939999999999,0.004209999999998715
203,AA122V,-9.58873,-9.58865,-8.00000000005241e-05
204,AA122I,-9.58873,-9.58966,0.0009300000000003195
205,AA122Q,-9.58873,-9.69196,0.10322999999999993
206,AA122S,-9.58873,-9.58891,0.00018000000000029104
207,AA122M,-9.58873,-9.5824,-0.006330000000000169
208,AA122F,-9.58873,-9.583789999999999,-0.004940000000001277
209,AA122T,-9.58873,-9.5831,-0.005630000000000024
210,LA69G,-9.58873,-9.58873,0.0
211,LA69E,-9.58873,-9.56917,-0.019560000000000244
212,LA69N,-9.58873,-9.58873,0.0
213,LA69I,-9.58873,-9.58873,0.0
214,LA69H,-9.58873,-9.58873,0.0
215,LA69R,-9.61079,-9.60373,-0.007059999999999178
216,LA69T,-9.58873,-9.58873,0.0
217,LA69F,-9.58873,-9.58873,0.0
218,LA69Q,-9.58873,-9.58873,0.0
219,LA69C,-9.58873,-9.58873,0.0
220,LA69A,-9.58873,-9.58873,0.0
221,LA69W,-9.58873,-9.58873,0.0
222,LA69P,-9.58873,-9.58873,0.0
223,LA69Y,-9.58873,-9.58873,0.0
224,LA69S,-9.58873,-9.58873,0.0
225,LA69K,-9.58873,-9.595369999999999,0.006639999999999091
226,LA69M,-9.58873,-9.58873,0.0
227,LA69V,-9.58873,-9.58873,0.0
228,LA69D,-9.58873,-9.56215,-0.02657999999999916
229,FA133S,-9.550419999999999,-9.085980000000001,-0.46443999999999797
230,FA133H,-9.550419999999999,-9.6882,0.13778000000000112
231,FA133Y,-9.45387,-9.368789999999999,-0.08508000000000138
232,FA133L,-9.550419999999999,-9.12496,-0.4254599999999993
233,FA133C,-9.550419999999999,-9.2987,-0.25171999999999883
234,FA133A,-9.550419999999999,-8.7235,-0.8269199999999994
235,FA133N,-9.550419999999999,-9.1357,-0.4147199999999991
236,FA133R,-9.551110000000001,-8.27745,-1.2736600000000013
237,FA133G,-9.550419999999999,-8.640410000000001,-0.910009999999998
238,FA133P,-9.550419999999999,-8.83467,-0.7157499999999999
239,FA133V,-9.550419999999999,-8.95081,-0.5996099999999984
240,FA133M,-9.550419999999999,-9.16183,-0.3885899999999989
241,FA133W,-9.55822,-8.9113,-0.6469199999999997
242,FA133K,-9.54204,-7.64704,-1.8950000000000005
243,FA133T,-9.550419999999999,-8.49967,-1.050749999999999
244,FA133D,-9.54204,-8.31889,-1.2231500000000004
245,FA133E,-9.54204,-8.830119999999999,-0.711920000000001
246,FA133I,-9.550419999999999,-8.857560000000001,-0.6928599999999978
247,FA133Q,-9.550419999999999,-8.86148,-0.6889399999999988
248,KA134H,-9.58873,-9.2571,-0.33163000000000054
249,KA134W,-9.58873,-9.47045,-0.11828000000000038
250,KA134I,-9.58873,-9.52105,-0.0676799999999993
251,KA134G,-9.58873,-9.047839999999999,-0.540890000000001
252,KA134A,-9.58873,-9.178289999999999,-0.41044000000000125
253,KA134C,-9.58873,-9.15103,-0.43769999999999953
254,KA134M,-9.58873,-9.374830000000001,-0.21389999999999887
255,KA134T,-9.58873,-9.012939999999999,-0.5757900000000014
256,KA134R,-9.58873,-9.80601,0.21728000000000058
257,KA134Q,-9.58873,-9.2725,-0.3162299999999991
258,KA134V,-9.58873,-9.44379,-0.14494000000000007
259,KA134F,-9.59159,-7.9338,-1.6577900000000003
260,KA134L,-9.58873,-9.331430000000001,-0.257299999999999
261,KA134D,-10.7686,-9.95609,-0.8125099999999996
262,KA134P,-9.58873,-9.81369,0.22495999999999938
263,KA134E,-9.58873,-8.93745,-0.6512799999999999
264,KA134S,-9.58873,-9.009269999999999,-0.579460000000001
265,KA134Y,-9.59159,-8.20698,-1.3846100000000003
266,KA134N,-9.60459,-9.16283,-0.4417600000000004
267,DA130P,-11.0905,-9.16848,-1.9220199999999998
268,DA130H,-10.7201,-0.731298,-9.988802
269,DA130V,-10.7201,-8.05605,-2.6640499999999996
270,DA130E,-9.89986,-8.328439999999999,-1.5714200000000016
271,DA130I,-10.7201,-7.0324,-3.6877000000000004
272,DA130F,-10.7368,-4.9823699999999995,-5.754430000000001
273,DA130K,-10.738,-7.87683,-2.8611699999999995
274,DA130G,-10.6958,-7.627739999999999,-3.068060000000001
275,DA130Q,-11.0905,-8.23207,-2.8584300000000002
276,DA130W,-10.7201,-6.74712,-3.9729800000000006
277,DA130A,-10.738,-7.816730000000001,-2.921269999999999
278,DA130L,-11.0892,-7.93578,-3.1534199999999997
279,DA130N,-10.738,-9.76234,-0.9756599999999995
280,DA130M,-11.0905,-8.7876,-2.302900000000001
281,DA130C,-10.738,-8.16843,-2.569569999999999
282,DA130R,-10.7368,-7.84691,-2.8898900000000003
283,DA130S,-10.6826,-7.64795,-3.034650000000001
284,DA130Y,-11.1241,-6.01081,-5.11329
285,DA130T,-10.6958,-8.28332,-2.4124800000000004
286,LA84P,-9.58873,-9.5887,-3.0000000000640625e-05
287,LA84N,-9.58873,-9.58873,0.0
288,LA84A,-9.58873,-9.58873,0.0
289,LA84Q,-9.58873,-9.58873,0.0
290,LA84W,-9.58873,-9.58873,0.0
291,LA84M,-9.58873,-9.58873,0.0
292,LA84V,-9.58873,-9.58873,0.0
293,LA84S,-9.58873,-9.58873,0.0
294,LA84R,-9.58873,-9.57373,-0.015000000000000568
295,LA84D,-9.58873,-9.58999,0.001260000000000261
296,LA84T,-9.58873,-9.58873,0.0
297,LA84E,-9.58873,-9.59421,0.0054800000000003735
298,LA84Y,-9.58873,-9.58928,0.0005500000000004945
299,LA84K,-9.58873,-9.58915,0.00042000000000008697
300,LA84I,-9.58873,-9.58873,0.0
301,LA84F,-9.58873,-9.58873,0.0
302,LA84C,-9.58873,-9.58873,0.0
303,LA84G,-9.58873,-9.58873,0.0
304,LA84H,-9.58873,-9.58873,0.0
305,YA123R,-9.58873,-8.357330000000001,-1.231399999999999
306,YA123G,-9.642000000000001,-8.59168,-1.050320000000001
307,YA123V,-9.18196,-8.660730000000001,-0.5212299999999992
308,YA123K,-9.58873,-8.45524,-1.13349
309,YA123M,-9.58873,-9.36607,-0.22265999999999941
310,YA123F,-9.58873,-9.46981,-0.11891999999999925
311,YA123T,-9.58873,-8.77019,-0.8185400000000005
312,YA123A,-9.642000000000001,-8.59499,-1.047010000000002
313,YA123C,-9.58873,-8.75095,-0.8377800000000004
314,YA123D,-9.58873,-8.29275,-1.2959800000000001
315,YA123I,-9.18196,-8.43865,-0.7433099999999992
316,YA123H,-9.58873,-8.906369999999999,-0.682360000000001
317,YA123L,-9.58873,-9.11875,-0.4699799999999996
318,YA123E,-9.58873,-8.54991,-1.0388199999999994
319,YA123W,-9.58873,-9.407160000000001,-0.1815699999999989
320,YA123P,-9.642000000000001,-8.70373,-0.938270000000001
321,YA123S,-9.642000000000001,-8.48822,-1.1537800000000011
322,YA123N,-9.58873,-8.55754,-1.0311900000000005
323,YA123Q,-9.58873,-8.5947,-0.9940300000000004
324,LA90D,-9.58873,-9.561760000000001,-0.026969999999998606
325,LA90A,-9.58873,-9.58608,-0.002649999999999153
326,LA90M,-9.58873,-9.58874,9.999999999621423e-06
327,LA90N,-9.58873,-9.58873,0.0
328,LA90H,-9.58873,-9.58873,0.0
329,LA90Y,-9.58873,-9.58052,-0.00821000000000005
330,LA90R,-9.58873,-9.63627,0.047539999999999694
331,LA90C,-9.58873,-9.58873,0.0
332,LA90I,-9.58873,-9.596110000000001,0.007380000000001274
333,LA90F,-9.18196,-9.18196,0.0
334,LA90T,-9.58873,-9.587439999999999,-0.0012900000000009015
335,LA90V,-9.58873,-9.57527,-0.01346000000000025
336,LA90W,-9.58873,-9.58876,3.0000000000640625e-05
337,LA90S,-9.58873,-9.58873,0.0
338,LA90Q,-9.58873,-9.58873,0.0
339,LA90P,-9.246839999999999,-9.171439999999999,-0.07540000000000013
340,LA90E,-9.58873,-9.55247,-0.0362600000000004
341,LA90K,-9.58873,-9.61097,0.022240000000000038
342,LA90G,-9.58873,-9.58729,-0.001440000000000552
343,LA89K,-10.7763,-10.8905,0.11419999999999852
344,LA89V,-9.5884,-9.63833,0.04992999999999981
345,LA89T,-10.7528,-10.8039,0.05109999999999992
346,LA89E,-10.7528,-10.6303,-0.1225000000000005
347,LA89A,-10.7528,-10.745999999999999,-0.006800000000001916
348,LA89N,-10.7528,-10.7695,0.01670000000000016
349,LA89C,-10.7528,-10.8493,0.09649999999999892
350,LA89F,-10.7528,-10.7813,0.028499999999999304
351,LA89Y,-9.5884,-9.63592,0.04752000000000045
352,LA89S,-10.7528,-10.7744,0.021599999999999397
353,LA89Q,-9.61052,-9.60341,-0.0071099999999990615
354,LA89M,-9.5884,-9.60505,0.016650000000000276
355,LA89P,-9.5884,-9.59596,0.007559999999999789
356,LA89I,-9.5884,-9.56683,-0.021570000000000533
357,LA89W,-9.5884,-9.60168,0.013279999999999959
358,LA89H,-9.5884,-9.599260000000001,0.01086000000000098
359,LA89R,-10.7528,-10.9407,0.18789999999999907
360,LA89G,-10.7528,-10.7347,-0.01810000000000045
361,LA89D,-10.7533,-10.5526,-0.20069999999999943
362,FA136R,-9.58873,-9.59269,0.003959999999999297
363,FA136G,-9.58873,-9.73396,0.14522999999999975
364,FA136S,-9.58873,-9.551,-0.03772999999999982
365,FA136D,-9.58873,-9.560880000000001,-0.027849999999999042
366,FA136E,-9.58873,-9.552389999999999,-0.03634000000000093
367,FA136N,-9.58873,-9.55119,-0.03753999999999991
368,FA136L,-9.58873,-9.59218,0.0034500000000008413
369,FA136T,-9.58873,-9.54648,-0.04224999999999923
370,FA136M,-9.58873,-9.55861,-0.030120000000000147
371,FA136P,-9.58873,-9.58847,-0.00026000000000081513
372,FA136K,-9.58873,-9.59583,0.00709999999999944
373,FA136Y,-9.58873,-9.58873,0.0
374,FA136H,-9.58873,-9.58873,0.0
375,FA136A,-9.58873,-9.59878,0.01004999999999967
376,FA136V,-9.58873,-9.572189999999999,-0.016540000000000887
377,FA136Q,-9.58873,-9.53758,-0.05114999999999981
378,FA136C,-9.58873,-9.57602,-0.012710000000000221
379,FA136I,-9.58873,-9.55206,-0.03666999999999909
380,FA136W,-9.61952,-9.58178,-0.03773999999999944
381,LA88T,-9.58036,-9.64466,0.06429999999999936
382,LA88A,-9.58036,-9.56476,-0.015600000000000946
383,LA88Q,-9.58036,-9.612119999999999,0.031759999999998456
384,LA88N,-9.58036,-9.59602,0.015659999999998675
385,LA88D,-9.58036,-9.54486,-0.03550000000000075
386,LA88F,-9.58,-9.59366,0.013659999999999783
387,LA88E,-9.58036,-9.587069999999999,0.006709999999998217
388,LA88V,-9.58036,-9.47358,-0.10678000000000054
389,LA88S,-9.58036,-9.58347,0.003109999999999502
390,LA88G,-9.58036,-9.55477,-0.025590000000001112
391,LA88I,-9.58036,-9.38539,-0.19497000000000142
392,LA88C,-9.58036,-9.62217,0.0418099999999999
393,LA88H,-9.58036,-9.58642,0.006059999999999732
394,LA88M,-9.58036,-9.586310000000001,0.005950000000000344
395,LA88K,-9.58036,-9.57939,-0.0009700000000005815
396,LA88P,-9.599689999999999,-9.36575,-0.2339399999999987
397,LA88Y,-9.58,-9.59349,0.013489999999999114
398,LA88R,-9.60718,-9.57051,-0.03666999999999909
399,LA88W,-9.60575,-9.59022,-0.015530000000000044
400,LA86I,-9.58873,-9.57702,-0.011710000000000775
401,LA86G,-9.58873,-9.5499,-0.03883000000000081
402,LA86F,-9.59694,-9.57145,-0.02548999999999957
403,LA86R,-9.58873,-9.58292,-0.005810000000000315
404,LA86P,-9.58873,-9.58987,0.0011399999999994748
405,LA86K,-9.58873,-9.58504,-0.003690000000000637
406,LA86D,-9.58873,-9.552539999999999,-0.03619000000000128
407,LA86Y,-9.58925,-9.5716,-0.01764999999999972
408,LA86V,-9.58873,-9.60435,0.01562000000000019
409,LA86M,-9.58873,-9.58873,0.0
410,LA86N,-9.58873,-9.57145,-0.017279999999999518
411,LA86W,-9.58873,-9.58873,0.0
412,LA86S,-9.58873,-9.589080000000001,0.00035000000000096065
413,LA86C,-9.58873,-9.57145,-0.017279999999999518
414,LA86A,-9.58873,-9.58195,-0.00677999999999912
415,LA86Q,-9.58873,-9.59027,0.001540000000000319
416,LA86T,-9.58873,-9.573139999999999,-0.015590000000001325
417,LA86E,-9.58873,-9.57628,-0.012449999999999406
418,LA86H,-9.58873,-9.57145,-0.017279999999999518
419,QA120P,-9.58873,-10.037,0.44827000000000083
420,QA120C,-9.58873,-9.67726,0.08853000000000044
421,QA120F,-9.58873,-9.589,0.00027000000000043656
422,QA120V,-9.58873,-9.67553,0.08680000000000021
423,QA120H,-9.58873,-9.58699,-0.0017399999999998528
424,QA120M,-9.58873,-9.65426,0.06553000000000075
425,QA120W,-9.58873,-9.58628,-0.002449999999999619
426,QA120L,-9.58873,-9.59523,0.0065000000000008384
427,QA120N,-9.58873,-9.600480000000001,0.011750000000001037
428,QA120A,-9.58873,-9.61179,0.023059999999999192
429,QA120D,-9.58873,-9.6145,0.025769999999999627
430,QA120T,-9.58873,-9.6782,0.08947000000000038
431,QA120E,-9.58873,-9.67094,0.0822099999999999
432,QA120G,-9.58873,-9.63071,0.04198000000000057
433,QA120I,-9.58873,-9.67366,0.08492999999999995
434,QA120S,-9.58873,-9.62527,0.03654000000000046
435,QA120R,-9.58873,-9.59603,0.00730000000000075
436,QA120K,-9.58873,-9.6476,0.058870000000000644
437,QA120Y,-9.58873,-9.58928,0.0005500000000004945
438,RA124D,-9.18196,-9.0651,-0.11686000000000085
439,RA124C,-9.58873,-9.52863,-0.060100000000000264
440,RA124V,-9.58873,-9.51823,-0.07049999999999912
441,RA124W,-9.18196,-9.65122,0.46926000000000023
442,RA124S,-9.58873,-9.51468,-0.07404999999999973
443,RA124F,-9.58873,-9.52476,-0.06396999999999942
444,RA124Y,-9.58873,-9.541160000000001,-0.04756999999999856
445,RA124M,-9.18196,-9.00637,-0.1755899999999997
446,RA124K,-9.58873,-9.54117,-0.04756000000000071
447,RA124Q,-9.58873,-9.54375,-0.044980000000000686
448,RA124N,-9.58873,-9.46725,-0.12148000000000003
449,RA124I,-9.58873,-9.53312,-0.055609999999999715
450,RA124G,-9.58873,-9.52239,-0.06634000000000029
451,RA124L,-9.58873,-9.54138,-0.04734999999999978
452,RA124P,-9.58873,-9.43238,-0.15634999999999977
453,RA124E,-9.18196,-8.99043,-0.1915300000000002
454,RA124T,-9.58873,-9.533339999999999,-0.05539000000000094
455,RA124H,-9.58873,-9.54384,-0.04489000000000054
456,RA124A,-9.58873,-9.52316,-0.06556999999999924
457,RA121D,-9.58873,-9.63083,0.04209999999999958
458,RA121G,-9.58873,-9.64247,0.053739999999999455
459,RA121M,-9.58873,-9.50741,-0.08131999999999984
460,RA121N,-9.58873,-9.61191,0.02317999999999998
461,RA121W,-9.58873,-9.61191,0.02317999999999998
462,RA121V,-9.58873,-9.59636,0.007630000000000692
463,RA121Y,-9.58873,-9.59636,0.007630000000000692
464,RA121K,-9.58873,-9.564210000000001,-0.024519999999998987
465,RA121E,-9.58873,-9.61867,0.029939999999999856
466,RA121T,-9.58873,-9.59636,0.007630000000000692
467,RA121H,-9.58873,-9.59636,0.007630000000000692
468,RA121F,-9.58873,-9.59636,0.007630000000000692
469,RA121L,-9.58873,-9.56813,-0.02059999999999995
470,RA121P,-9.58873,-9.74751,0.15878000000000014
471,RA121Q,-9.58873,-9.59334,0.004609999999999559
472,RA121A,-9.58873,-9.60206,0.013329999999999842
473,RA121S,-9.58873,-9.61191,0.02317999999999998
474,RA121C,-9.58873,-9.59636,0.007630000000000692
475,RA121I,-9.58873,-9.59328,0.004550000000000054
476,EA50T,-9.58873,-9.59285,0.004120000000000346
477,EA50P,-9.58873,-9.59285,0.004120000000000346
478,EA50W,-9.58873,-9.59285,0.004120000000000346
479,EA50N,-9.58873,-9.59285,0.004120000000000346
480,EA50Q,-9.58873,-9.59285,0.004120000000000346
481,EA50G,-9.58873,-9.59285,0.004120000000000346
482,EA50K,-9.58873,-9.58938,0.0006500000000002615
483,EA50A,-9.58873,-9.59285,0.004120000000000346
484,EA50H,-9.58873,-9.59285,0.004120000000000346
485,EA50C,-9.58873,-9.59285,0.004120000000000346
486,EA50S,-9.58873,-9.59285,0.004120000000000346
487,EA50D,-9.58873,-9.60112,0.012389999999999901
488,EA50R,-10.7542,-10.7396,-0.0146000000000015
489,EA50M,-9.58873,-9.59285,0.004120000000000346
490,EA50F,-9.58873,-9.59285,0.004120000000000346
491,EA50V,-9.58873,-9.59285,0.004120000000000346
492,EA50Y,-9.58873,-9.59285,0.004120000000000346
493,EA50L,-9.58873,-9.59285,0.004120000000000346
494,EA50I,-9.58873,-9.59285,0.004120000000000346
495,EA118F,-9.58873,-9.57061,-0.018119999999999692
496,EA118A,-9.58873,-9.55992,-0.028810000000000002
497,EA118G,-9.58873,-9.54608,-0.04265000000000008
498,EA118T,-9.58873,-9.61285,0.02411999999999992
499,EA118D,-9.58873,-9.59465,0.005919999999999703
500,EA118Q,-9.58873,-9.67045,0.08172000000000068
501,EA118K,-9.58873,-9.576989999999999,-0.011740000000001416
502,EA118I,-9.58873,-9.64835,0.05962000000000067
503,EA118W,-9.58873,-9.56809,-0.020640000000000214
504,EA118V,-9.58873,-9.56981,-0.018919999999999604
505,EA118Y,-9.58873,-9.32118,-0.26754999999999995
506,EA118R,-9.58873,-9.68277,0.09403999999999968
507,EA118S,-9.58873,-9.60871,0.01998000000000033
508,EA118C,-9.58873,-9.5799,-0.008829999999999671
509,EA118P,-9.58873,-9.595930000000001,0.007200000000000983
510,EA118N,-9.58873,-9.5759,-0.012829999999999231
511,EA118L,-9.58873,-9.57172,-0.017010000000000858
512,EA118H,-9.58873,-9.57805,-0.010680000000000689
513,EA118M,-9.58873,-9.66515,0.0764200000000006
514,MA117N,-9.58873,-9.56616,-0.02256999999999998
515,MA117T,-9.58873,-9.6533,0.0645699999999998
516,MA117L,-9.58873,-9.48376,-0.10496999999999979
517,MA117D,-9.58873,-9.5888,7.000000000090267e-05
518,MA117C,-9.58873,-9.62401,0.0352800000000002
519,MA117P,-9.54623,-9.7457,0.19946999999999981
520,MA117H,-9.535210000000001,-9.74566,0.2104499999999998
521,MA117G,-9.535210000000001,-9.74612,0.21090999999999838
522,MA117W,-9.535210000000001,-9.05476,-0.48045000000000115
523,MA117K,-9.58873,-9.75179,0.16305999999999976
524,MA117Y,-9.58873,-9.2017,-0.3870299999999993
525,MA117R,-9.58873,-9.72311,0.13438000000000017
526,MA117Q,-9.58873,-9.69128,0.10255000000000081
527,MA117E,-9.58873,-9.73429,0.1455599999999997
528,MA117S,-9.58873,-9.665,0.07626999999999917
529,MA117V,-9.58873,-9.65286,0.06413000000000046
530,MA117I,-9.58873,-9.67021,0.08148000000000089
531,MA117A,-9.535210000000001,-9.74569,0.21047999999999867
532,MA117F,-9.58873,-9.17099,-0.4177400000000002
533,YA83H,-9.58873,-9.57959,-0.00914000000000037
534,YA83A,-9.58873,-9.59685,0.008119999999999905
535,YA83P,-9.58873,-9.53421,-0.054520000000000124
536,YA83T,-9.58873,-9.60394,0.015209999999999724
537,YA83R,-9.58873,-9.62133,0.032600000000000406
538,YA83E,-9.58873,-9.36805,-0.22067999999999977
539,YA83L,-9.58873,-9.56985,-0.018879999999999342
540,YA83D,-9.58873,-9.36711,-0.2216199999999997
541,YA83Q,-9.58873,-9.562339999999999,-0.026390000000001024
542,YA83C,-9.58873,-9.602730000000001,0.014000000000001123
543,YA83S,-9.58873,-9.60608,0.01735000000000042
544,YA83I,-9.58873,-9.56568,-0.02304999999999957
545,YA83M,-9.58873,-9.56867,-0.020060000000000855
546,YA83V,-9.58873,-9.6109,0.02217000000000091
547,YA83F,-9.58873,-9.589080000000001,0.00035000000000096065
548,YA83G,-9.58873,-9.58473,-0.0039999999999995595
549,YA83N,-9.58873,-9.40943,-0.17929999999999957
550,YA83K,-9.58873,-9.59293,0.00420000000000087
551,YA83W,-9.58873,-9.5888,7.000000000090267e-05
552,RA70L,-11.019,-9.14886,-1.8701399999999992
553,RA70P,-11.3561,-9.4374,-1.9186999999999994
554,RA70D,-11.3561,-9.17665,-2.179449999999999
555,RA70W,-11.0326,-9.48113,-1.5514700000000001
556,RA70K,-11.019,-9.281839999999999,-1.7371600000000011
557,RA70E,-11.019,-8.55953,-2.4594699999999996
558,RA70G,-11.3684,-9.51035,-1.8580499999999986
559,RA70H,-11.3561,-9.42732,-1.9287799999999997
560,RA70V,-11.3561,-9.43472,-1.9213799999999992
561,RA70Y,-11.3695,-9.547789999999999,-1.8217100000000013
562,RA70F,-11.3695,-9.54739,-1.8221100000000003
563,RA70T,-11.3561,-9.5027,-1.8533999999999988
564,RA70C,-11.3561,-9.46829,-1.88781
565,RA70S,-11.3561,-9.47165,-1.8844499999999993
566,RA70M,-11.019,-9.16233,-1.8566699999999994
567,RA70N,-11.3561,-9.47068,-1.8854199999999999
568,RA70A,-11.3561,-9.47269,-1.8834099999999996
569,RA70I,-11.019,-9.11871,-1.90029
570,RA70Q,-11.019,-9.00028,-2.01872
571,GA128Q,-9.58873,-9.57028,-0.018449999999999633
572,GA128W,-9.58873,-9.56637,-0.022360000000000824
573,GA128H,-9.58873,-9.56748,-0.021250000000000213
574,GA128A,-9.58873,-9.57363,-0.015100000000000335
575,GA128E,-9.58873,-9.5148,-0.07393000000000072
576,GA128N,-9.58873,-9.570730000000001,-0.017999999999998906
577,GA128L,-9.58873,-9.56835,-0.0203799999999994
578,GA128T,-9.58873,-9.5746,-0.014129999999999754
579,GA128F,-9.58873,-9.56748,-0.021250000000000213
580,GA128I,-9.58873,-9.57225,-0.016479999999999606
581,GA128Y,-9.58873,-9.56748,-0.021250000000000213
582,GA128D,-9.58873,-9.4887,-0.10003000000000029
583,GA128V,-9.58873,-9.57356,-0.015169999999999462
584,GA128C,-9.58873,-9.571019999999999,-0.017710000000001003
585,GA128P,-9.58873,-9.512410000000001,-0.07631999999999906
586,GA128K,-9.58873,-9.598339999999999,0.009609999999998564
587,GA128R,-10.7542,-10.808,0.05379999999999896
588,GA128S,-9.58873,-9.57226,-0.016469999999999985
589,GA128M,-9.58873,-9.5695,-0.019230000000000302
590,GA132S,-9.59159,-9.48281,-0.10877999999999943
591,GA132I,-9.614130000000001,-8.927589999999999,-0.6865400000000026
592,GA132C,-9.614130000000001,-9.45346,-0.16067000000000142
593,GA132A,-9.59159,-9.43713,-0.15446000000000026
594,GA132F,-9.55285,-8.67409,-0.8787599999999998
595,GA132L,-9.614130000000001,-9.1558,-0.4583300000000019
596,GA132P,-9.59159,-7.29939,-2.2922000000000002
597,GA132T,-9.59159,-9.18483,-0.40676000000000023
598,GA132Y,-9.59159,-8.847439999999999,-0.7441500000000012
599,GA132H,-9.60046,-9.28482,-0.31564000000000014
600,GA132M,-9.564789999999999,-8.9387,-0.6260899999999978
601,GA132K,-9.55285,-9.028410000000001,-0.5244399999999985
602,GA132V,-9.614130000000001,-9.23281,-0.38132000000000055
603,GA132D,-10.8066,-10.5465,-0.26009999999999955
604,GA132N,-9.614130000000001,-9.291160000000001,-0.32296999999999976
605,GA132Q,-9.55285,-9.09029,-0.46255999999999986
606,GA132E,-10.7453,-9.59088,-1.15442
607,GA132R,-9.51967,-8.76407,-0.7555999999999994
608,GA132W,-10.7772,-10.1973,-0.5799000000000003
609,VA71Q,-9.58873,-9.58873,0.0
610,VA71D,-9.58873,-9.580119999999999,-0.008610000000000895
611,VA71E,-9.58873,-9.57734,-0.011390000000000455
612,VA71T,-9.58873,-9.58873,0.0
613,VA71H,-9.58873,-9.58873,0.0
614,VA71L,-9.58873,-9.58873,0.0
615,VA71K,-9.58873,-9.584480000000001,-0.004249999999998977
616,VA71N,-9.58873,-9.58873,0.0
617,VA71P,-9.58873,-9.59483,0.006099999999999994
618,VA71G,-9.58873,-9.5858,-0.002929999999999211
619,VA71I,-9.58873,-9.58873,0.0
620,VA71C,-9.58873,-9.58873,0.0
621,VA71A,-9.58873,-9.58873,0.0
622,VA71W,-9.58873,-9.58873,0.0
623,VA71F,-9.58873,-9.5816,-0.007130000000000081
624,VA71M,-9.58873,-9.58873,0.0
625,VA71S,-9.58873,-9.58873,0.0
626,VA71Y,-9.58873,-9.58159,-0.007139999999999702
627,VA71R,-9.58873,-9.5889,0.00017000000000066962
628,SA119Q,-9.58125,-6.42755,-3.1537000000000006
629,SA119N,-9.58873,-9.31433,-0.2744
630,SA119Y,-9.60946,-8.63083,-0.9786300000000008
631,SA119L,-9.607289999999999,-9.30015,-0.30713999999999864
632,SA119T,-9.61151,-9.237210000000001,-0.37429999999999986
633,SA119K,-9.57569,-8.224,-1.3516899999999996
634,SA119A,-9.58873,-9.72286,0.13413000000000075
635,SA119E,-9.57569,-7.57246,-2.0032299999999994
636,SA119W,-9.15207,-9.19437,0.042299999999999116
637,SA119G,-9.58873,-9.54722,-0.0415100000000006
638,SA119D,-9.61151,-9.45762,-0.15389000000000053
639,SA119F,-9.60539,-8.89506,-0.710329999999999
640,SA119R,-9.57569,-7.873539999999999,-1.7021500000000005
641,SA119H,-9.57569,-7.74645,-1.8292399999999995
642,SA119P,-9.61151,-9.617569999999999,0.006059999999997956
643,SA119C,-9.58873,-9.47203,-0.1166999999999998
644,SA119I,-9.6068,-9.2578,-0.3490000000000002
645,SA119M,-9.607289999999999,-9.36715,-0.24013999999999847
646,SA119V,-9.6068,-9.48259,-0.12420999999999971
647,AA100T,-9.58873,-9.56197,-0.02675999999999945
648,AA100Y,-9.17792,-9.333219999999999,0.15529999999999866
649,AA100S,-9.58873,-9.58873,0.0
650,AA100R,-9.60723,-9.579939999999999,-0.027290000000000703
651,AA100P,-9.18196,-9.643469999999999,0.46150999999999875
652,AA100G,-9.58873,-9.58636,-0.002369999999999095
653,AA100N,-9.58873,-9.56582,-0.022909999999999542
654,AA100W,-9.43468,-9.31403,-0.12064999999999948
655,AA100V,-9.58873,-9.55855,-0.03017999999999965
656,AA100I,-9.58873,-9.51569,-0.07304000000000066
657,AA100C,-9.58873,-9.560880000000001,-0.027849999999999042
658,AA100F,-9.58873,-9.58873,0.0
659,AA100D,-9.58873,-9.55638,-0.03234999999999921
660,AA100E,-9.60718,-9.51091,-0.09626999999999875
661,AA100K,-9.61684,-9.57693,-0.039909999999999
662,AA100Q,-9.18196,-9.167580000000001,-0.014379999999999171
663,AA100M,-9.58036,-9.50357,-0.0767900000000008
664,AA100H,-9.58873,-9.48665,-0.10208000000000084
665,AA100L,-9.58873,-9.52435,-0.06437999999999988
666,VA51E,-10.7645,-10.8787,0.1142000000000003
667,VA51I,-10.7684,-10.1348,-0.6335999999999995
668,VA51M,-10.754000000000001,-10.7634,0.009399999999999409
669,VA51Y,-10.765,-10.7531,-0.011900000000000688
670,VA51K,-10.7625,-10.7619,-0.0005999999999986017
671,VA51L,-9.58873,-9.60962,0.02088999999999963
672,VA51D,-10.7784,-10.7921,0.013700000000000045
673,VA51T,-9.58873,-9.58723,-0.0015000000000000568
674,VA51R,-10.7645,-10.7271,-0.03739999999999988
675,VA51N,-9.58873,-9.58686,-0.0018700000000002603
676,VA51Q,-10.754000000000001,-10.7677,0.013699999999998269
677,VA51H,-9.58873,-9.5917,0.002969999999999473
678,VA51F,-10.765,-10.7649,-9.999999999976694e-05
679,VA51G,-10.754000000000001,-10.4193,-0.33470000000000155
680,VA51A,-10.754000000000001,-10.5631,-0.19090000000000096
681,VA51P,-10.7625,-10.7065,-0.05599999999999916
682,VA51S,-10.754000000000001,-10.749,-0.005000000000000782
683,VA51C,-9.58873,-9.58307,-0.0056600000000006645
684,VA51W,-9.58873,-9.58862,-0.00010999999999938836
685,GA49W,-9.58873,-9.7629,0.17417000000000016
686,GA49C,-9.58873,-9.5888,7.000000000090267e-05
687,GA49P,-9.58873,-9.5888,7.000000000090267e-05
688,GA49N,-9.58873,-9.58859,-0.000140000000000029
689,GA49A,-9.58873,-9.5888,7.000000000090267e-05
690,GA49S,-9.58873,-9.5888,7.000000000090267e-05
691,GA49L,-9.58873,-9.58843,-0.0002999999999993008
692,GA49K,-9.58873,-9.58944,0.0007099999999997664
693,GA49H,-9.58873,-9.588569999999999,-0.0001600000000010482
694,GA49M,-9.58873,-9.58849,-0.00023999999999979593
695,GA49Y,-9.58873,-9.588389999999999,-0.00034000000000133923
696,GA49R,-9.58873,-9.59047,0.0017399999999998528
697,GA49Q,-9.58873,-9.58827,-0.000460000000000349
698,GA49V,-9.58873,-9.5888,7.000000000090267e-05
699,GA49I,-9.58873,-9.58825,-0.00047999999999959186
700,GA49F,-9.58873,-9.58842,-0.0003100000000006986
701,GA49D,-9.58873,-9.54162,-0.047109999999999985
702,GA49E,-9.58873,-9.58303,-0.00569999999999915
703,GA49T,-9.58873,-9.5888,7.000000000090267e-05
704,KA135Y,-9.58873,-9.16827,-0.4204600000000003
705,KA135P,-9.58873,-9.35107,-0.23765999999999998
706,KA135S,-9.58873,-9.4004,-0.18833000000000055
707,KA135N,-9.58873,-9.36358,-0.2251499999999993
708,KA135H,-9.58873,-9.16015,-0.4285800000000002
709,KA135Q,-9.58873,-9.35648,-0.2322500000000005
710,KA135E,-9.58873,-9.29273,-0.2959999999999994
711,KA135W,-9.58873,-9.18407,-0.4046599999999998
712,KA135T,-9.58873,-9.31432,-0.2744099999999996
713,KA135M,-9.58873,-9.39741,-0.19131999999999927
714,KA135C,-9.58873,-9.39915,-0.18957999999999942
715,KA135V,-9.58873,-9.38406,-0.20467000000000013
716,KA135F,-9.58873,-9.23654,-0.3521900000000002
717,KA135A,-9.58873,-9.402330000000001,-0.186399999999999
718,KA135L,-9.58873,-9.400780000000001,-0.18794999999999895
719,KA135G,-9.58873,-9.4028,-0.18593000000000082
720,KA135I,-9.58873,-9.38129,-0.20744000000000007
721,KA135D,-9.58873,-9.27005,-0.3186800000000005
722,KA135R,-9.58873,-9.57881,-0.009919999999999263
723,WA131F,-9.246839999999999,-8.62678,-0.6200599999999987
724,WA131C,-9.28842,-8.32629,-0.9621300000000002
725,WA131M,-9.40346,-9.02155,-0.3819100000000013
726,WA131I,-9.32517,-7.805810000000001,-1.519359999999999
727,WA131E,-9.28842,-8.22086,-1.0675600000000003
728,WA131P,-9.28842,-7.638139999999999,-1.6502800000000013
729,WA131S,-9.28842,-8.082289999999999,-1.2061300000000017
730,WA131H,-9.28842,-7.921410000000001,-1.3670099999999996
731,WA131N,-9.28842,-7.60765,-1.6807700000000008
732,WA131T,-9.297,-7.711530000000001,-1.58547
733,WA131G,-9.28842,-7.42143,-1.8669900000000004
734,WA131L,-9.28842,-8.642439999999999,-0.6459800000000016
735,WA131Y,-9.246839999999999,-8.41199,-0.8348499999999994
736,WA131K,-9.28842,-8.30851,-0.9799100000000003
737,WA131D,-9.28842,-7.507569999999999,-1.780850000000001
738,WA131A,-9.28842,-7.7008600000000005,-1.5875599999999999
739,WA131Q,-9.246839999999999,-7.797689999999999,-1.4491499999999995
740,WA131R,-9.28842,-8.355830000000001,-0.9325899999999994
741,WA131V,-9.297,-7.6318,-1.6652000000000005
742,GA75Y,-9.58873,-8.99496,-0.5937699999999992
743,GA75N,-9.58873,-9.78861,0.19988000000000028
744,GA75D,-9.58873,-9.55012,-0.038610000000000255
745,GA75S,-9.58873,-9.59137,0.0026399999999995316
746,GA75R,-9.58873,-9.12095,-0.4677799999999994
747,GA75T,-9.58873,-9.602139999999999,0.01340999999999859
748,GA75A,-9.58873,-9.59104,0.00230999999999959
749,GA75H,-9.58873,-9.65213,0.06339999999999968
750,GA75F,-9.60489,-9.73253,0.1276400000000013
751,GA75M,-9.60489,-9.50291,-0.1019799999999993
752,GA75C,-9.60459,-9.61665,0.01205999999999996
753,GA75V,-9.58873,-9.6067,0.01797000000000004
754,GA75E,-9.60489,-9.470889999999999,-0.13400000000000034
755,GA75K,-9.60459,-9.36285,-0.24174000000000007
756,GA75I,-9.60459,-9.59113,-0.01346000000000025
757,GA75L,-9.60489,-9.61567,0.010780000000000456
758,GA75W,-9.58873,-9.23263,-0.35609999999999964
759,GA75P,-9.58873,-9.58997,0.0012399999999992417
760,GA75Q,-9.60459,-9.82653,0.22194000000000003
761,FA125K,-9.58873,-9.77172,0.1829900000000002
762,FA125D,-9.58873,-9.688989999999999,0.10025999999999868
763,FA125T,-9.18196,-9.36196,0.17999999999999972
764,FA125S,-9.18196,-9.26873,0.08676999999999957
765,FA125M,-9.58873,-9.677019999999999,0.08828999999999887
766,FA125R,-9.19886,-9.40347,0.20461000000000062
767,FA125H,-9.18196,-9.23088,0.04892000000000074
768,FA125L,-9.18196,-9.638630000000001,0.4566700000000008
769,FA125N,-9.18196,-9.30614,0.12417999999999907
770,FA125G,-9.18196,-9.26887,0.0869099999999996
771,FA125P,-9.18196,-9.268419999999999,0.08645999999999887
772,FA125I,-9.58873,-9.80769,0.21895999999999916
773,FA125E,-9.18196,-9.2485,0.06653999999999982
774,FA125A,-9.18196,-9.26878,0.08681999999999945
775,FA125Y,-9.40346,-9.2411,-0.1623600000000014
776,FA125C,-9.18196,-9.3652,0.18323999999999963
777,FA125V,-9.58873,-9.811110000000001,0.22238000000000113
778,FA125Q,-9.18196,-9.36861,0.1866500000000002
779,FA125W,-9.58036,-9.44208,-0.13827999999999996
780,AA116H,-9.58873,-9.619539999999999,0.030809999999998894
781,AA116T,-9.58873,-9.58876,3.0000000000640625e-05
782,AA116W,-9.58873,-9.61865,0.029920000000000613
783,AA116C,-9.58873,-9.58878,4.999999999988347e-05
784,AA116E,-9.58873,-9.637189999999999,0.048459999999998615
785,AA116K,-9.58873,-9.59634,0.007609999999999673
786,AA116V,-9.58873,-9.58876,3.0000000000640625e-05
787,AA116S,-9.58873,-9.58874,9.999999999621423e-06
788,AA116D,-9.58873,-9.62603,0.03730000000000011
789,AA116N,-9.58873,-9.58864,-9.000000000014552e-05
790,AA116I,-9.58873,-9.61035,0.021620000000000417
791,AA116R,-9.58873,-9.581010000000001,-0.007719999999999061
792,AA116F,-9.58873,-9.61933,0.03059999999999974
793,AA116Y,-9.58873,-9.61932,0.030590000000000117
794,AA116L,-9.58873,-9.619439999999999,0.030709999999999127
795,AA116M,-9.58873,-9.618839999999999,0.03010999999999875
796,AA116P,-9.58873,-9.58876,3.0000000000640625e-05
797,AA116G,-9.58873,-9.58865,-8.00000000005241e-05
798,AA116Q,-9.58873,-9.61703,0.02829999999999977
799,SA80K,-9.58873,-9.66129,0.07255999999999929
800,SA80M,-9.58873,-9.62283,0.03410000000000046
801,SA80H,-9.58873,-9.62825,0.039519999999999555
802,SA80I,-9.58873,-9.6244,0.035669999999999646
803,SA80V,-9.58873,-9.63911,0.050380000000000535
804,SA80T,-9.58873,-9.53593,-0.052799999999999514
805,SA80D,-9.58873,-9.36026,-0.22846999999999973
806,SA80A,-9.58873,-9.62268,0.03395000000000081
807,SA80C,-9.58873,-9.53533,-0.05339999999999989
808,SA80E,-9.58873,-9.481060000000001,-0.10766999999999882
809,SA80N,-9.58873,-9.58879,5.9999999999504894e-05
810,SA80G,-9.58873,-9.535969999999999,-0.05276000000000103
811,SA80P,-9.58873,-9.60559,0.01685999999999943
812,SA80F,-9.58873,-9.5985,0.009769999999999612
813,SA80Q,-9.58873,-9.622910000000001,0.03418000000000099
814,SA80R,-9.58873,-9.70845,0.11971999999999916
815,SA80Y,-9.58873,-9.602910000000001,0.014180000000001414
816,SA80L,-9.58873,-9.61885,0.030120000000000147
817,SA80W,-9.58873,-9.610710000000001,0.021980000000001
818,NA72R,-9.60459,-9.055660000000001,-0.5489299999999986
819,NA72T,-9.60459,-9.32723,-0.27735999999999983
820,NA72I,-9.60459,-9.36102,-0.24357000000000006
821,NA72M,-9.60459,-9.17414,-0.43045000000000044
822,NA72W,-9.60459,-8.68622,-0.9183699999999995
823,NA72S,-9.60459,-9.32618,-0.27840999999999916
824,NA72D,-9.60459,-9.480210000000001,-0.1243799999999986
825,NA72K,-9.60459,-9.30115,-0.30344000000000015
826,NA72Y,-9.60459,-8.93191,-0.6726799999999997
827,NA72E,-9.60459,-9.348360000000001,-0.2562299999999986
828,NA72F,-9.58873,-9.05316,-0.5355699999999999
829,NA72C,-9.60459,-9.197569999999999,-0.40702000000000105
830,NA72Q,-9.60459,-9.39058,-0.21401000000000003
831,NA72H,-9.60459,-8.91955,-0.6850400000000008
832,NA72G,-9.60459,-9.252,-0.3525899999999993
833,NA72V,-9.60459,-9.20457,-0.4000199999999996
834,NA72P,-9.60459,-9.26435,-0.34023999999999965
835,NA72L,-9.60459,-9.1582,-0.4463899999999992
836,NA72A,-9.60459,-9.35188,-0.25271000000000043
837,VA126A,-9.18196,-9.3572,0.1752400000000005
838,VA126I,-9.18196,-9.0741,-0.10786000000000051
839,VA126T,-9.18196,-9.18524,0.0032800000000001717
840,VA126H,-9.18196,-9.57048,0.38851999999999975
841,VA126Y,-9.18196,-9.72001,0.5380500000000001
842,VA126M,-9.18196,-9.56307,0.3811099999999996
843,VA126Q,-9.58873,-9.59803,0.009299999999999642
844,VA126R,-9.58879,-9.69008,0.10129000000000055
845,VA126G,-9.18196,-9.34592,0.16395999999999944
846,VA126L,-9.58873,-9.60323,0.014499999999999957
847,VA126C,-9.18196,-9.3601,0.17813999999999908
848,VA126W,-9.18196,-9.80035,0.6183899999999998
849,VA126K,-9.18196,-9.53535,0.3533899999999992
850,VA126S,-9.18196,-9.361369999999999,0.17940999999999896
851,VA126E,-9.58873,-9.551810000000001,-0.03691999999999851
852,VA126D,-9.18196,-9.15926,-0.022700000000000387
853,VA126F,-9.18196,-9.2318,0.04983999999999966
854,VA126N,-9.18196,-9.23559,0.053630000000000067
855,VA126P,-9.18196,-9.49778,0.31582000000000043
856,QA127C,-9.58873,-9.58873,0.0
857,QA127D,-9.58873,-9.5524,-0.03632999999999953
858,QA127L,-9.58873,-9.58873,0.0
859,QA127H,-9.58873,-9.58873,0.0
860,QA127V,-9.58873,-9.58873,0.0
861,QA127M,-9.58873,-9.58873,0.0
862,QA127W,-9.58873,-9.58875,1.9999999999242846e-05
863,QA127F,-9.58873,-9.58873,0.0
864,QA127Y,-9.58873,-9.58873,0.0
865,QA127E,-9.58873,-9.57203,-0.01670000000000016
866,QA127I,-9.58873,-9.58873,0.0
867,QA127G,-9.58873,-9.5935,0.004770000000000607
868,QA127T,-9.58873,-9.58873,0.0
869,QA127K,-9.58873,-9.60017,0.011440000000000339
870,QA127R,-9.58873,-9.62542,0.03669000000000011
871,QA127N,-9.58873,-9.58873,0.0
872,QA127S,-9.58873,-9.58873,0.0
873,QA127A,-9.58873,-9.58873,0.0
874,QA127P,-9.58873,-9.5847,-0.0040300000000002

